{
  "project_info": {
    "project_number": "502645297631",
    "firebase_url": "https://water-delivery-app-cee7b-default-rtdb.firebaseio.com",
    "project_id": "water-delivery-app-cee7b",
    "storage_bucket": "water-delivery-app-cee7b.appspot.com"
  },
  "client": [
    {
      "client_info": {
        "mobilesdk_app_id": "1:502645297631:android:bc003d56c8e65e6049346a",
        "android_client_info": {
          "package_name": "com.example.waterdeliveryapp"
        }
      },
      "oauth_client": [
        {
          "client_id": "502645297631-0tvhcr808oo7u2783crqij5g6hjedd27.apps.googleusercontent.com",
          "client_type": 1,
          "android_info": {
            "package_name": "com.example.waterdeliveryapp",
            "certificate_hash": "20568f4b672845cfa26d31374e7323efc08b9ab3"
          }
        },
        {
          "client_id": "502645297631-vadvktli130a82c9kej3s50lljmu0r3o.apps.googleusercontent.com",
          "client_type": 3
        }
      ],
      "api_key": [
        {
          "current_key": "AIzaSyDRpFs-5K14eWJln1H1MiAt92O970VTn9E"
        }
      ],
      "services": {
        "appinvite_service": {
          "other_platform_oauth_client": [
            {
              "client_id": "502645297631-vadvktli130a82c9kej3s50lljmu0r3o.apps.googleusercontent.com",
              "client_type": 3
            }
          ]
        }
      }
    }
  ],
  "configuration_version": "1"
}